student_id,full_name,birth_date,email,nationality
S1000,Jennifer Huffman,2001-07-03,joseparker@yahoo.com,Montenegro
S1001,Dennis Clayton,2008-02-17,igreer@hotmail.com,Palau
S1002,Joshua Marshall,1996-05-30,rodriguezjacqueline@moreno.com,British Virgin Islands
S1003,Jerry Jacobs,2002-01-30,amanda44@yahoo.com,Namibia
S1004,Luis Nelson,1995-07-21,timothylambert@torres.com,Haiti
S1005,Jose Weber,2007-05-08,kimmiguel@yahoo.com,Andorra
S1006,Lucas Gonzalez,2003-11-15,zfields@lambert.info,Wallis and Futuna
S1007,Kevin Martin,2007-02-09,andre87@hotmail.com,Ghana
S1008,Terry Jordan,2006-08-17,bbarnes@hotmail.com,Brazil
S1009,Allison Garrett,2003-02-25,hmoore@gmail.com,New Zealand
S1010,Elizabeth Gomez,2005-09-04,kimberly15@hotmail.com,Botswana
S1011,Natasha Lopez,2005-08-10,westmelissa@powell.com,Saint Lucia
S1012,Lawrence Bennett,2002-01-27,hodgesjohn@schroeder.org,Honduras
S1013,James Brown,2003-03-03,gowens@hotmail.com,Pakistan
S1014,Mary Peck,2003-03-09,kmaxwell@smith-hansen.com,Philippines
S1015,Susan Cervantes,2002-07-24,molinawilliam@yahoo.com,Syrian Arab Republic
S1016,Brian Rivera,2002-05-05,hallmonica@robles-dickerson.org,Bahamas
S1017,Holly Parker,2000-07-13,matthew04@yahoo.com,British Virgin Islands
S1018,Mrs. Sherry Baker,2004-10-24,murillowhitney@hotmail.com,Japan
S1019,Michael Palmer,2002-11-15,julia68@hotmail.com,Lao People's Democratic Republic
S1020,Rhonda Johnson,1997-03-21,rosskevin@turner.com,Cook Islands
S1021,John Anderson,1997-12-09,angela39@hotmail.com,Barbados
S1022,Eric Jackson,2001-07-28,daniel46@hotmail.com,Somalia
S1023,Miguel Johnson,2008-04-03,norrismark@gmail.com,Australia
S1024,Michelle Huerta,2006-09-16,tprice@mendoza-payne.info,Libyan Arab Jamahiriya
S1025,Paul Blair,1999-05-17,margaretking@yahoo.com,Spain
S1026,Claudia Grant,2002-01-03,morenorichard@campos.com,Turkey
S1027,Johnny Moore,2005-02-08,daniel49@payne.com,United States Virgin Islands
S1028,Jeffrey Mason,2000-06-11,michele59@kim.net,Myanmar
S1029,Stephanie Johnson,31-31-2099,ybruce@mccarthy-moore.com,France
S1030,Troy Harvey,2000-02-26,tcurtis@yahoo.com,Bermuda
S1031,Sara Mason,2005-11-14,donnaalexander@houston-ramos.com,Ecuador
S1032,Henry Miller,2001-08-17,dpowers@hotmail.com,Guatemala
S1033,Jerry Henderson,1995-01-10,bparker@gmail.com,Austria
S1034,Kimberly Solis,1994-06-01,alexsmith@gmail.com,Sudan
S1035,David Ramirez,2003-10-13,nicholas51@oliver.info,India
S1036,Emma Young,1999-06-03,sierrahernandez@yahoo.com,Qatar
S1037,Heather Nixon,2000-11-29,kristinalvarado@yahoo.com,Nauru
S1038,Jasmine Robbins,31-31-2099,kathleen10@byrd-harmon.com,Georgia
S1039,Brandon Watts,1995-07-18,jeanwebb@taylor-johnston.com,Iran
S1040,Michele Clark,2006-07-09,cookmitchell@williams-brown.com,Congo
S1041,Hector Martin,2001-08-16,brian50@wood-wagner.org,Saudi Arabia
S1042,Kathy Warren,2001-07-23,dennis86@harrington.info,Marshall Islands
S1043,Katherine Hendrix,2006-05-26,adam99@york-mcgrath.com,Spain
S1044,Tracy Valencia,2002-05-01,heather49@gmail.com,Germany
S1045,Taylor Oliver,1995-10-01,david36@hotmail.com,Saint Pierre and Miquelon
S1046,Richard Lambert,2003-06-06,emilywalters@tucker.com,Puerto Rico
S1047,Jessica Martinez,1997-03-30,pfrye@gmail.com,Peru
S1048,Michael Thomas,2004-09-22,michaeljackson@gmail.com,Georgia
S1049,Mario Smith,2003-07-13,mitchellbrian@hotmail.com,Maldives
S1050,Jason Williams,1999-06-29,campbellphilip@adams-carey.com,Korea
S1051,Lindsay Galloway,2007-01-31,mary61@yahoo.com,South Africa
S1052,Katherine Richardson,2000-12-05,egonzalez@gmail.com,South Georgia and the South Sandwich Islands
S1053,Connor Garcia,1998-01-12,mhill@sherman.com,Belgium
S1054,Lisa Miller,2001-04-29,tvincent@hotmail.com,Swaziland
S1055,Jerry Henderson,2003-10-15,bparker@gmail.com,Burundi
S1056,Aaron Carlson,2006-01-30,james76@ritter.com,Slovenia
S1057,Jordan Hill,2002-01-13,swagner@nichols.com,Hungary
S1058,Adrian Moreno,2001-02-06,hendricksmary@walker.org,Cuba
S1059,Dominic Mclean DDS,2000-03-16,victoria34@gmail.com,Lesotho
S1060,Michael Williams,1995-01-03,kathleenjohnston@hotmail.com,Tuvalu
S1061,Shannon Medina,2004-06-02,olsenjimmy@hotmail.com,Micronesia
S1062,Justin Morrison,1998-05-09,james57@yahoo.com,Kazakhstan
S1063,Christopher Sullivan,2007-01-03,andrew64@yahoo.com,Bhutan
S1064,Benjamin Singleton,1998-07-17,bushpamela@hotmail.com,Singapore
S1065,Desiree Miller,2006-03-11,xsimpson@lewis.com,Peru
S1066,Jacob Rice,2003-07-19,crystal50@gmail.com,Andorra
S1067,Brandon Jones,2007-01-15,oliverandrew@conley-bryan.com,Nepal
S1068,Marc Aguilar,1996-08-12,btorres@hotmail.com,Saint Martin
S1069,Raymond Schmidt,2000-07-08,leachthomas@moreno-freeman.com,Namibia
S1070,Howard Petersen,2003-05-17,fjimenez@yahoo.com,Kenya
S1071,Jeremiah Glenn,1995-07-29,ulynch@yahoo.com,Iraq
S1072,Curtis Harris,1998-03-19,patrick52@wright-peterson.com,Slovakia (Slovak Republic)
S1073,Lisa Prince,31-31-2099,zpayne@yahoo.com,Norfolk Island
S1074,Danielle Ruiz,1997-04-17,jodimartin@yahoo.com,Gabon
S1075,Rebecca Watkins,2004-04-12,michael35@martin-torres.com,Spain
S1076,Stephanie Obrien,1995-04-15,danielssamuel@wallace-smith.com,Lesotho
S1077,Amber George,1995-10-06,carriewallace@brown.net,Brazil
S1078,Michelle Moore,1997-05-28,tammy79@gmail.com,Honduras
S1079,Michael Kemp,2007-07-23,ghorton@bates.com,Senegal
S1080,James Parker,1995-05-27,daniel89@shaffer.net,Portugal
S1081,Ryan Perez,2004-05-02,joshua11@mcclain.biz,Syrian Arab Republic
S1082,Dr. Joanna Davenport,1998-12-22,russellsharp@odonnell.com,Burundi
S1083,Ryan Jackson DVM,2007-07-21,walkertamara@mason.com,Latvia
S1084,Miguel Johnson,2007-08-21,norrismark@gmail.com,Tuvalu
S1085,Kimberly Ramirez,1995-07-28,nmoran@hotmail.com,Haiti
S1086,Jeremy Price,2004-01-05,calebnguyen@yahoo.com,Togo
S1087,Robert Murphy,2002-12-19,barbaraallen@jones.net,Congo
S1088,Elizabeth Montgomery,2003-03-26,davidmejia@gmail.com,Niger
S1089,Terry Bryant,2007-09-14,kimberly72@gmail.com,Central African Republic
S1090,Francis Evans,2003-07-23,brettgallagher@williams.info,Korea
S1091,Angelica Kaiser,1999-08-20,bshelton@graham.info,Faroe Islands
S1092,Douglas Mason,2006-04-22,waltonshannon@gmail.com,Cote d'Ivoire
S1093,Patricia Guzman,2005-04-14,martinezhailey@jackson.org,Korea
S1094,Brittney Rodriguez,2006-05-23,dfisher@gmail.com,Bosnia and Herzegovina
S1095,Jacob Middleton,1997-09-30,markgeorge@kelley.info,Guam
S1096,Kendra Pierce,1996-08-05,vfritz@hotmail.com,Bahrain
S1097,Courtney Franco,2004-04-14,cooleyemily@french-romero.com,Gambia
S1098,Stephanie Kim,2004-08-16,christopher11@hotmail.com,Sao Tome and Principe
S1099,Donald Rowland,2001-11-22,evan66@austin.org,Saint Martin
S1100,Jeffrey Gibson,1996-06-09,colerhonda@gmail.com,Fiji
S1101,Jenny Shaw,2008-01-26,vaguirre@gmail.com,Bahrain
S1102,Erik Ortiz,2004-01-11,garciajason@campos-johnson.biz,Kuwait
S1103,Melissa Anderson,1996-07-28,scottlynch@drake.com,Madagascar
S1104,William Braun,2002-09-26,amanda28@yahoo.com,Tokelau
S1105,Douglas Summers,2002-12-27,jason43@long.com,Libyan Arab Jamahiriya
S1106,Mario Forbes,1997-12-07,gsimmons@yahoo.com,Croatia
S1107,Diana Taylor,1996-11-26,james73@chen.com,Nauru
S1108,Jennifer Smith,1997-01-23,rickywalton@yahoo.com,Antigua and Barbuda
S1109,Mr. William Gonzalez,2007-04-17,fjohnson@fletcher.biz,Tajikistan
S1110,Jessica Winters,2003-12-05,simslarry@clark.com,Albania
S1111,Brittany White,1998-03-22,charlotteshepard@gmail.com,Armenia
S1112,Anne Mckenzie,2003-10-15,kjames@hill-gonzales.com,South Africa
S1113,Christine Castillo,2002-06-23,adrian02@hotmail.com,Cayman Islands
S1114,Linda Lynch,2007-05-01,cartertara@lewis.net,Holy See (Vatican City State)
S1115,Steven Bennett,1997-03-15,amberrobinson@gmail.com,Antarctica (the territory South of 60 deg S)
S1116,John Blanchard,1995-12-28,ismith@yahoo.com,Swaziland
S1117,Dr. Jamie Brooks,2007-05-22,ramirezamy@wong.info,Russian Federation
S1118,Cheryl Hamilton,2004-04-21,gthompson@buckley.org,Bangladesh
S1119,Katelyn Rogers,2000-04-20,christinehoffman@gmail.com,Honduras
S1120,Dr. Joanna Davenport,1996-04-07,russellsharp@odonnell.com,United States Minor Outlying Islands
S1121,Teresa Barron,2008-02-12,benjamin91@yahoo.com,Sri Lanka
S1122,Jennifer Lee,1998-08-01,william63@shields-collins.info,Switzerland
S1123,Adam Mathis,1995-07-04,nealjennifer@turner-martinez.net,Russian Federation
S1124,Jacob Santiago,2003-10-30,michael39@bell.info,Mayotte
S1125,William Jones,2002-06-03,connorscott@vasquez.com,Kiribati
S1126,Emily Beck,1995-04-03,zgutierrez@lucero.info,Mexico
S1127,Jennifer Palmer,31-31-2099,hernandezashley@yahoo.com,China
S1128,Vanessa Skinner,2003-03-15,denise85@hotmail.com,Ireland
S1129,Jamie Downs,2005-06-23,reyesdaniel@hotmail.com,Tajikistan
S1130,Isaiah Wilson,1996-07-11,sampsonjamie@sutton.biz,Chile
S1131,Joseph Henderson,2007-07-18,stephen41@yahoo.com,Egypt
S1132,Robin Mcdonald,2000-04-08,kyle11@hotmail.com,Taiwan
S1133,Bailey Long,2001-05-02,mary96@yahoo.com,Heard Island and McDonald Islands
S1134,Courtney Cross,1995-08-03,jenniferochoa@gmail.com,Niue
S1135,Jeffery Farmer,2004-08-24,ugarrison@yahoo.com,Saint Vincent and the Grenadines
S1136,Kevin Burke,2006-08-15,zchristensen@yahoo.com,Turks and Caicos Islands
S1137,Lisa Adams,2006-04-02,patrickdunn@hotmail.com,United States of America
S1138,Lisa Davidson,2008-03-24,bryan97@moore.com,Anguilla
S1139,Angela Duke,1999-11-19,acostajesse@yahoo.com,Tonga
S1140,David Castaneda,2004-02-24,icruz@jenkins.com,Saint Vincent and the Grenadines
S1141,Robert Brown,1995-03-27,istrong@atkinson-hinton.com,Liberia
S1142,Daniel Munoz MD,1997-09-25,breanna58@weaver.com,Poland
S1143,Robert Howard Jr.,2006-12-12,alvinjohnson@russell.org,Eritrea
S1144,Michael Graham,1998-11-16,bethanymeyer@cardenas.com,Singapore
S1145,Teresa Brown MD,2000-03-20,greenashley@yahoo.com,Kuwait
S1146,Thomas Simpson,1997-09-16,bennettstephanie@swanson-bentley.org,Belarus
S1147,James Johnson,2006-11-13,jryan@gmail.com,Jamaica
S1148,Ashley Diaz,1998-11-02,williekim@johnston-anderson.info,Moldova
S1149,Matthew Benitez,31-31-2099,houstonmargaret@hotmail.com,Gambia
S1150,Ryan Gardner,2001-03-23,fowlerkeith@yahoo.com,Jamaica
S1151,Luis Moss,2001-08-18,tylermoore@lynn-allen.biz,Korea
S1152,Joseph Alexander,2001-01-04,william84@lee-gray.org,Switzerland
S1153,Patricia Guzman,1996-09-28,martinezhailey@jackson.org,Niue
S1154,Nicholas Warren,2004-11-10,hhansen@yahoo.com,Madagascar
S1155,Brian Gibson,2005-05-17,jeremy94@miller.com,Saint Helena
S1156,William Farley,1999-06-05,woodsdavid@watkins.net,Niue
S1157,Jennifer Saunders,1996-02-07,emily87@morris.org,Jordan
S1158,Brandon Wood,2008-01-03,samuellee@gmail.com,Algeria
S1159,John Figueroa,2000-12-22,staceysantos@richardson-henderson.net,Micronesia
S1160,Miguel Arnold,2002-12-26,hectorharris@sullivan.com,Turkmenistan
S1161,Matthew Jacobs,2004-06-02,fedwards@garcia.biz,Niger
S1162,Mr. Michael Bond,1994-11-02,sharonjones@yahoo.com,Romania
S1163,Dwayne Brown,2004-06-16,emma91@gmail.com,Ecuador
S1164,Kathleen Russo,1999-02-06,kurt91@gmail.com,Cayman Islands
S1165,Matthew Molina,31-31-2099,harry17@yahoo.com,Senegal
S1166,Scott Spencer,2006-04-04,lisa36@yahoo.com,Samoa
S1167,Sydney Robinson,2000-10-28,ashields@yahoo.com,New Caledonia
S1168,Hannah Powers,2002-11-19,mary28@hotmail.com,Tanzania
S1169,Sandra Mills,2006-12-01,armstrongdavid@sanders.info,Christmas Island
S1170,Gina Lambert,31-31-2099,tammyherrera@hotmail.com,Eritrea
S1171,Kristen Davidson,2004-09-22,bmartin@hart-long.com,Bosnia and Herzegovina
S1172,Andrea Shepard,2000-11-27,navarroalexander@yahoo.com,Ukraine
S1173,Ronald Miller,1999-02-22,sanchezchad@mccoy-watson.net,Turks and Caicos Islands
S1174,Jeffrey Ochoa,1995-06-15,jbanks@hotmail.com,El Salvador
S1175,Christopher Leonard,2005-11-02,qking@yahoo.com,Nicaragua
S1176,Michelle Smith,1998-11-08,daisy03@hoffman.org,Mali
S1177,Austin Bell,2006-10-30,christianbooth@fowler.net,Israel
S1178,Samuel Logan,1996-06-16,regina51@hotmail.com,Senegal
S1179,Christopher Salinas,2000-08-19,kevin51@yahoo.com,Western Sahara
S1180,Michael Patterson,31-31-2099,omarmoore@hotmail.com,Ecuador
S1181,Nathan Hall,2004-01-15,briansmith@tanner-campbell.com,Romania
S1182,Dennis Turner,2001-01-03,tmcguire@smith.com,Honduras
S1183,Daniel Collins,2004-03-19,ramosjenny@howard-thompson.com,Guyana
S1184,Darryl Hernandez,1996-12-26,elizabeth23@nash-ball.info,Netherlands Antilles
S1185,David Wyatt,1995-07-19,gregoryclifford@pineda-nelson.com,Greenland
S1186,Derrick Lee,1997-10-31,tammy74@hotmail.com,Macao
S1187,Dustin Jackson,1999-05-20,michellepaul@gmail.com,New Caledonia
S1188,John Anderson,31-31-2099,angela39@hotmail.com,Guatemala
S1189,Jeffrey Lee MD,1994-07-23,kingjacob@norris.com,Burundi
S1190,Meghan Andrews,2002-05-16,bdean@yahoo.com,Seychelles
S1191,Melinda Hebert,1994-12-03,booneshelly@wood-johnson.com,Sierra Leone
S1192,Brittany Estrada,2000-12-05,imcdonald@gmail.com,South Africa
S1193,Michael Hernandez,1995-08-14,cynthiasolomon@liu.org,Western Sahara
S1194,Terri Lawrence,2004-07-18,scottjoseph@gmail.com,Kiribati
S1195,Alexis Green,2001-07-13,maciasdaryl@callahan.com,Germany
S1196,Carla Hayes,1995-01-24,fstone@gmail.com,Nepal
S1197,Danielle Diaz,1996-09-18,beasleyjennifer@gmail.com,Slovenia
S1198,Anna Adkins,1994-08-16,vmcclure@hotmail.com,Suriname
S1199,Alexandria Lewis,2002-02-16,robinanderson@harrington.net,Grenada
S1200,Tim Smith,2000-08-16,turnerjoel@hotmail.com,Namibia
S1201,Christopher Forbes,1997-09-18,kurt66@yahoo.com,Hong Kong
S1202,William Casey,1997-06-27,bryan53@gmail.com,Ghana
S1203,Sarah Allen,1999-09-24,tstanton@randall.org,Samoa
S1204,Emily Miller,1996-07-22,joshua19@hughes-hill.com,Martinique
S1205,Christopher Thompson,1999-09-10,baileybrandon@hotmail.com,Ecuador
S1206,Erin Mccall,1999-11-23,nmiller@schwartz.biz,Thailand
S1207,Janet Patterson,1995-04-25,huangmelissa@gmail.com,Macao
S1208,Christopher Lamb,1994-05-16,hroberts@ramirez-hogan.info,American Samoa
S1209,Ryan Gonzalez,1995-09-09,raymond33@gmail.com,Cook Islands
S1210,Candace Lee,2002-10-06,ana85@sawyer.com,Slovakia (Slovak Republic)
S1211,James Murphy,2006-01-22,llewis@yahoo.com,Bolivia
S1212,William Jones,2004-06-16,harperchad@yahoo.com,Reunion
S1213,Victoria Hartman,2001-08-01,dunnmelinda@brown.com,Dominica
S1214,Terri Green,2005-06-24,brianhorton@yahoo.com,Israel
S1215,Leah Rice,1995-05-01,pgonzalez@yahoo.com,Burundi
S1216,Kevin Valencia,1997-08-12,robinjohnson@yahoo.com,Lebanon
S1217,Brian Booker,2007-11-10,vasquezpatricia@hotmail.com,Heard Island and McDonald Islands
S1218,Justin Phillips,1994-05-21,weissbradley@yahoo.com,Afghanistan
S1219,Regina Jimenez,1998-12-15,kevin47@hotmail.com,Saint Vincent and the Grenadines
S1220,Lindsay Galloway,2007-07-20,mary61@yahoo.com,Slovakia (Slovak Republic)
S1221,Curtis Dominguez,2004-08-06,saundersbrian@gmail.com,India
S1222,Kimberly Andrews,2002-03-29,foxchristine@gmail.com,Barbados
S1223,Jasmine Simon,2007-02-04,joshuakennedy@gilbert.com,United Arab Emirates
S1224,Paul Walsh,2002-02-07,boydbrandy@henderson-bentley.com,New Caledonia
S1225,Jennifer Olsen,2006-05-29,emurphy@gmail.com,Liechtenstein
S1226,Raymond Anderson,1997-11-28,idunn@yahoo.com,Slovenia
S1227,Erica Monroe,2001-01-22,ashley84@hernandez.com,Lebanon
S1228,Mary Clark,1998-12-15,bennettlori@hotmail.com,Falkland Islands (Malvinas)
S1229,Barbara Moses,2001-01-22,lbrooks@hotmail.com,Gabon
S1230,Jamie Chang,1995-10-06,michaelchambers@yahoo.com,Mongolia
S1231,Paul Carroll,1994-10-18,charlespowell@ramirez-stephens.com,Guyana
S1232,Nathan Fernandez,2004-11-08,taylorchristopher@yahoo.com,Mauritania
S1233,Jeffery Bishop,2007-04-08,christophersmith@hotmail.com,Ghana
S1234,Mrs. Debra Scott MD,2001-07-19,iking@li.com,Lebanon
S1235,Charles Gutierrez,2001-06-21,johntucker@yahoo.com,Wallis and Futuna
S1236,Brian Jones,2004-02-08,ariasmichele@yahoo.com,Mayotte
S1237,Kathryn Clark DVM,1995-05-26,briana70@patterson.com,British Virgin Islands
S1238,Benjamin Weber,2000-05-13,fdouglas@parker.biz,Swaziland
S1239,Sarah Gonzalez,1994-07-20,wanderson@hotmail.com,El Salvador
S1240,Michael Lewis,1997-08-15,nicolecannon@gmail.com,Syrian Arab Republic
S1241,Charles Williams,31-31-2099,michellethompson@torres.com,Western Sahara
S1242,Brian Jackson,2006-09-18,jenkinsangela@yahoo.com,Bulgaria
S1243,Marc Garcia,2001-02-24,qhernandez@yahoo.com,Netherlands
S1244,Jessica Lynch,1998-02-19,josephsantiago@hotmail.com,Nigeria
S1245,Carolyn Compton,2007-01-14,gkidd@hotmail.com,Aruba
S1246,Lauren Vazquez,2003-04-25,natalieroberts@gmail.com,Colombia
S1247,Jocelyn Miller,2007-05-19,charlespierce@hotmail.com,Cuba
S1248,Sharon Hogan,1998-12-28,ojohnson@gmail.com,Mauritania
S1249,Eric Buchanan,2007-01-07,scottkristin@yahoo.com,Heard Island and McDonald Islands
S1250,Timothy Douglas DVM,2008-04-07,isaiah46@smith.biz,Serbia
S1251,Lauren Carr,1996-06-02,johnmolina@yahoo.com,Qatar
S1252,Crystal Vega,1996-11-24,cking@dunn.com,Nigeria
S1253,Ann Nguyen,1995-08-18,ricejonathan@yahoo.com,Benin
S1254,Cheryl Reid,2006-03-10,wilsonsteven@yahoo.com,Qatar
S1255,Kelly Lee,2006-09-18,nelsonlinda@gmail.com,Tonga
S1256,Dawn Johnson,2003-05-03,jasmine47@hotmail.com,Italy
S1257,Joseph Patterson,2004-02-12,caldwellsteven@smith.com,Mali
S1258,Robin Fisher,2002-05-21,brian02@gmail.com,Anguilla
S1259,George Reyes,2002-09-13,harrellandrew@gmail.com,Angola
S1260,Emily Morris,2002-12-15,colemanjennifer@yahoo.com,Mauritius
S1261,Scott Gonzalez,1995-01-03,dhahn@johnston.com,Sudan
S1262,Mary Coleman,2000-04-06,johnallen@hotmail.com,Congo
S1263,Scott Mcgrath,2001-03-12,carrie82@potter.info,Anguilla
S1264,Mitchell Stevenson,1994-08-08,hernandezsandra@price-reid.info,Jordan
S1265,Jaclyn Soto,2008-01-11,veronica43@ray-graham.com,Uruguay
S1266,Samantha Perez,1996-11-12,mahoneyrobert@carter.com,Guyana
S1267,Kelsey Diaz,2007-11-10,campbellalicia@taylor.com,Norfolk Island
S1268,Wesley Marquez,1998-06-18,tristan67@jones.com,Zambia
S1269,William Riggs,1998-01-11,dgardner@marshall-brown.com,Albania
S1270,Andrew Hays,2003-10-28,mendezronald@brown.com,Bouvet Island (Bouvetoya)
S1271,Leslie Kennedy,1998-03-09,mendozarobert@gmail.com,Sierra Leone
S1272,Jacqueline Davis,1996-10-23,paul86@carpenter-acosta.biz,Kiribati
S1273,Mr. Henry Davis,2004-01-02,jefferynixon@jackson.com,Sudan
S1274,Kimberly Norman,2006-05-29,tony65@yahoo.com,Niger
S1275,Ryan Gomez,31-31-2099,amanda37@yahoo.com,British Indian Ocean Territory (Chagos Archipelago)
S1276,Scott Baker,2003-05-23,adam83@dodson.biz,Iraq
S1277,Mary Wood,2000-10-25,debra71@sanchez-marshall.org,Egypt
S1278,Kyle Weaver,2006-01-02,wilsonwilliam@yahoo.com,Isle of Man
S1279,Jennifer Benjamin,2003-03-14,derekmullen@hotmail.com,Peru
S1280,Courtney Fisher,31-31-2099,rstone@smith.com,Uganda
S1281,Maria King,2000-12-22,fletcheranthony@jones-larson.net,Reunion
S1282,Catherine Jenkins,2002-09-10,mtaylor@gmail.com,Uruguay
S1283,Kimberly Nguyen,2000-04-21,sullivanwilliam@hotmail.com,Saint Kitts and Nevis
S1284,Stephanie Harris,2007-09-09,romannicole@hotmail.com,Uruguay
S1285,Tony Owen,1995-08-15,jrowe@martinez-romero.com,Monaco
S1286,Carlos Edwards,1995-01-09,nancy55@yahoo.com,Taiwan
S1287,Donald Jones,2008-01-15,franksusan@gmail.com,Mongolia
S1288,Sharon Patel,2000-01-09,dylan22@wright.com,Congo
S1289,Katie Campbell,1994-10-22,ulee@farley-smith.com,Saint Lucia
S1290,Angela Smith,1999-04-12,johnanderson@gmail.com,Poland
S1291,Michael Trujillo,1996-02-19,robertschristian@edwards-allen.com,Andorra
S1292,Latoya Watson,2004-08-14,kennethstephens@crawford-hunt.com,Senegal
S1293,Steven Hunt,1996-09-02,patrickgarcia@montes.com,Guernsey
S1294,Peter Simmons,2005-09-07,andersonsean@rios.net,Andorra
S1295,Taylor Griffin,1997-09-08,qturner@torres-smith.net,Christmas Island
S1296,Sarah Smith,2000-01-16,amygray@gmail.com,Bhutan
S1297,Robert Smith,1999-11-22,prattkevin@yahoo.com,Swaziland
S1298,Carlos Walters,1995-08-21,jessicahill@yahoo.com,Falkland Islands (Malvinas)
S1299,Brian Booker,1994-12-17,vasquezpatricia@hotmail.com,Namibia
S1300,Samantha Sims,31-31-2099,john70@oneill.info,Slovakia (Slovak Republic)
S1301,Adam Dyer,1998-04-25,kristenkeller@berger.com,Korea
S1302,Crystal Williamson,2005-09-08,rebeccacarlson@yahoo.com,China
S1303,Christopher Rodriguez,2007-01-16,nicolesaunders@graves-leblanc.biz,Belize
S1304,Tony Johnson,1995-02-02,ocalhoun@meyer-hoffman.net,Belize
S1305,Ann Kelly,2000-10-09,melissabranch@lee-hughes.com,Serbia
S1306,Mary Randolph,2007-10-02,cameronsmith@hotmail.com,French Polynesia
S1307,Sarah Beasley,2004-01-02,mikebruce@cox.com,Austria
S1308,Maria Johnson,1998-12-11,rickcarpenter@gmail.com,Venezuela
S1309,Michael Woods,2004-01-26,riverajohnny@king.org,Wallis and Futuna
S1310,Felicia Whitney,1997-07-12,joytaylor@mendoza.com,Cote d'Ivoire
S1311,Amber Anderson,1998-11-17,lisa76@hotmail.com,Serbia
S1312,Chase Griffith,2006-09-02,thompsonsamantha@malone.com,Myanmar
S1313,Kimberly Thomas,2006-06-24,jgordon@ward.com,United States Minor Outlying Islands
S1314,Kristen Reynolds,1995-06-24,christinehobbs@yahoo.com,Sudan
S1315,Mrs. Rebecca Taylor,1995-02-18,fdrake@martinez.com,Namibia
S1316,Kevin Soto,2006-04-23,barbaragraves@howard.com,Tuvalu
S1317,Juan Castillo,2004-11-28,johnsonevan@gmail.com,Colombia
S1318,Lori Nichols,1999-08-16,lewisjoseph@yahoo.com,Mauritania
S1319,Karen White,2000-09-30,michael74@hotmail.com,Dominica
S1320,Sherry Davis,2000-02-11,jamesbrowning@avila.com,Iceland
S1321,Jennifer Hernandez,1995-08-30,lgray@smith-george.org,Cote d'Ivoire
S1322,James Ramirez,2000-08-21,dpeterson@yahoo.com,Puerto Rico
S1323,Jennifer Cooper,2005-08-04,pbaker@nguyen-rodriguez.info,Ghana
S1324,Tiffany Martinez,1997-05-03,armstrongrobert@castillo-morales.net,Turkey
S1325,Barbara Patterson,2000-09-12,dickersongeorge@smith.com,Romania
S1326,Kristina Anderson,2005-10-15,davidday@ward-robinson.com,Jamaica
S1327,Brian Brown,2002-06-20,heatherharrington@hotmail.com,Turkey
S1328,Sean Shepard,1998-08-26,david43@mccann-mullins.org,Belize
S1329,Jose Hancock,1998-11-21,brittanyalvarez@tyler-riley.com,Ethiopia
S1330,Michael Johnson,2005-10-20,bennettpatricia@gmail.com,Panama
S1331,Rachel Gonzales,1996-05-05,amanda72@barker-bailey.org,Morocco
S1332,David Miller,1998-06-18,julia72@cook.info,Ireland
S1333,Scott Medina,1999-10-22,javierfuller@beard-griffith.com,Iceland
S1334,Rebecca Bradshaw,2002-06-17,susan62@yahoo.com,Dominican Republic
S1335,Patty Raymond,1995-02-25,stevensamber@hotmail.com,Montserrat
S1336,Tiffany Carlson,1994-08-28,sbutler@carroll.com,Myanmar
S1337,Brian Mccarty,2001-02-26,fletchershannon@vaughan.com,Liberia
S1338,Samantha Knight,2001-02-12,michelle50@yahoo.com,Macao
S1339,Kelsey Kennedy,2001-04-02,jordanadrienne@smith-goodwin.com,Comoros
S1340,Robert Church,2007-10-29,kmurray@yahoo.com,Nicaragua
S1341,Barbara Oliver,1995-01-09,joneszachary@gmail.com,Svalbard & Jan Mayen Islands
S1342,Brittany Davis,2006-05-06,sandra65@butler.com,India
S1343,Robert Garza,2005-04-20,tony54@sanchez.com,United States of America
S1344,Carrie Vasquez,1995-06-18,rpayne@fuller.com,Indonesia
S1345,Patrick Brown,1999-11-07,pnguyen@leach.biz,Guyana
S1346,Tara Miller,1995-12-29,brownbrandon@hotmail.com,Malaysia
S1347,Travis Vasquez,2003-12-13,misty26@terrell.com,Iraq
S1348,Robert Garza,2001-09-07,tony54@sanchez.com,Guatemala
S1349,Tracey Warren,2004-12-15,carriegarcia@zimmerman.org,Norway
S1350,Kristina Proctor,2004-01-25,njohnson@atkinson.biz,Dominica
S1351,Hannah Conley,1995-06-26,edwardsjames@gmail.com,Hungary
S1352,Gregory Chang,2006-07-02,mcguireantonio@woods.com,Barbados
S1353,Gary Reed,2007-11-18,arose@yahoo.com,Angola
S1354,William Davis,2007-03-27,martincraig@maxwell.com,Western Sahara
S1355,Linda Green,2006-07-11,vfox@hotmail.com,Germany
S1356,Mitchell Collins,1995-04-20,travis56@gmail.com,Serbia
S1357,Amber Thompson,2002-11-09,smithlinda@yahoo.com,Peru
S1358,Tiffany Fernandez,2000-04-02,sandranewman@mcguire.com,Nigeria
S1359,Michael Perez,1999-12-11,rodriguezgary@gonzalez.net,Palestinian Territory
S1360,Anthony King,2007-05-09,anthony89@wood.info,Bouvet Island (Bouvetoya)
S1361,Lisa Reyes,2000-06-23,amanda98@yahoo.com,Lesotho
S1362,Mary Chapman,2007-03-24,nphillips@yahoo.com,Korea
S1363,Scott Yates,2005-05-04,ithompson@yahoo.com,United States of America
S1364,Suzanne Ramos,2007-05-20,rbrown@gmail.com,Mexico
S1365,Eric Nielsen,1998-11-18,kdavis@gmail.com,Samoa
S1366,Patricia Lee,1997-02-21,orozcomindy@ruiz-ho.info,Barbados
S1367,Jeffrey Morris,2001-03-03,jenniferfrye@gmail.com,Kazakhstan
S1368,William Sanford,1995-09-28,marcuswilkins@brennan-wood.com,Jersey
S1369,Virginia Jones,1999-10-08,christinawest@gmail.com,Sao Tome and Principe
S1370,Madeline Sanders,2003-11-27,richard21@gmail.com,Croatia
S1371,Colin Smith,1998-01-17,leecassandra@hughes.com,American Samoa
S1372,Katherine Hoffman,2007-11-03,noahwilson@lee.com,Korea
S1373,Alison Austin,1999-09-22,sethpatterson@yahoo.com,Cayman Islands
S1374,Jorge Morris,2005-12-02,alexanderadams@gmail.com,Belgium
S1375,Trevor Patton,2000-03-09,masseybenjamin@gmail.com,Gambia
S1376,Ryan Vasquez,1997-09-05,daniel06@bennett.org,Brazil
S1377,Dr. Wendy Boyle MD,1998-03-10,cevans@quinn-jones.net,Qatar
S1378,Christopher Miller,2007-07-22,freemanjennifer@gmail.com,Sao Tome and Principe
S1379,William Jordan,1995-09-04,zmontgomery@fernandez.com,Saudi Arabia
S1380,Rebecca Henderson,1999-08-22,qpatton@burns-smith.com,Hong Kong
S1381,Krista Henson,31-31-2099,richardskimberly@norman-bass.com,Cape Verde
S1382,Danielle Wilson,1995-05-13,gary94@gmail.com,Maldives
S1383,Derrick Woods,1997-10-30,michael59@yahoo.com,Ukraine
S1384,James Meyer PhD,1994-10-11,merickson@stevens-bailey.com,Burundi
S1385,Andrew Ellis,2005-09-27,zmiller@stephens-williams.info,Nicaragua
S1386,Brittany Wheeler,1994-06-11,thomas52@escobar.com,Kenya
S1387,Taylor Moore,2005-06-30,clarkcynthia@yahoo.com,Ghana
S1388,Tyler Brown,1997-09-14,kkoch@hotmail.com,Vanuatu
S1389,Anthony Gray,2003-01-03,jonesryan@bowers.com,French Polynesia
S1390,Megan Shaw,1995-12-25,michael70@gmail.com,Ethiopia
S1391,Sara Chen,2001-09-01,bgraham@hotmail.com,Bermuda
S1392,Carlos Reed,1998-08-12,ojordan@dillon.com,Japan
S1393,Kathleen Price,2007-09-19,shane14@gmail.com,Hungary
S1394,Paul Lam,2006-05-27,churcheric@hotmail.com,Marshall Islands
S1395,Kristy Dunn,1997-12-04,uaguilar@jones-murphy.com,Bermuda
S1396,Bradley Gregory,2008-03-14,johncampbell@gmail.com,Turkmenistan
S1397,Melissa Brady,2006-08-09,josephscott@kirk.com,Azerbaijan
S1398,Peter Blackburn,2002-03-13,grahamcindy@fernandez.com,Malta
S1399,Leroy Campbell,1998-04-11,rodriguezkatelyn@gmail.com,United Kingdom
S1400,Paige Thomas,2004-10-02,pamelaevans@edwards.info,United States of America
S1401,Mia Wood,1994-09-01,franciscocortez@rivera.com,Belgium
S1402,Christopher Martin,2000-11-15,khenderson@yahoo.com,Japan
S1403,Valerie Smith,2000-06-24,tlee@jackson.com,Sweden
S1404,Alexander Johnson,1998-08-09,dharding@gmail.com,Costa Rica
S1405,Thomas Riley,2004-10-27,amanda26@gmail.com,Timor-Leste
S1406,Maria Brock,1996-06-01,oconnorjoshua@watkins-harrison.info,Zambia
S1407,Steven Shah,2005-02-24,marshphyllis@huffman.com,Hong Kong
S1408,Alisha Jimenez,1997-12-11,matthewjackson@gmail.com,Palau
S1409,Kathryn Taylor,2000-08-23,thompsonjon@hotmail.com,Sierra Leone
S1410,Annette Martin,1994-07-06,smithjennifer@wang-harris.com,Honduras
S1411,Brenda Kim,2002-08-19,jacobduarte@gmail.com,Mozambique
S1412,Juan Cunningham,2002-10-05,mcfarlandluis@yahoo.com,Anguilla
S1413,Christopher Hayes,1999-11-05,melissa25@ruiz.com,Tunisia
S1414,Kyle Anderson,1995-05-16,randall44@jackson-smith.com,Maldives
S1415,Stephen Dalton,2007-10-03,abbottconnor@davis.biz,Eritrea
S1416,Richard Horton,2002-08-02,michaellogan@yahoo.com,Taiwan
S1417,Crystal Clark,1997-10-11,cadams@yahoo.com,Bolivia
S1418,Emily Lamb,1997-05-01,jordan07@hotmail.com,Paraguay
S1419,Katherine Payne,1997-04-21,katherinefowler@yahoo.com,Hungary
S1420,Robert Logan,1995-08-19,sean42@hotmail.com,Azerbaijan
S1421,Jason Silva,1996-12-11,megan62@yahoo.com,Netherlands Antilles
S1422,Barbara Arnold,2008-02-26,kshelton@hotmail.com,Tonga
S1423,Valerie Norton,2005-09-08,alexandrahall@morales.com,Dominican Republic
S1424,Christina Smith MD,2004-10-03,joseph86@hotmail.com,Saint Martin
S1425,Megan Sanchez,2006-09-25,aliciacarter@hotmail.com,Qatar
S1426,William Foley,1997-10-17,lori80@gray.org,Kenya
S1427,Kristen Roberts,2006-11-18,mendozajoel@richards.com,New Caledonia
S1428,Allen Lucero,1999-12-19,wattsbryan@young.org,Jamaica
S1429,Andrea Johnson,1999-05-23,josephriddle@johnson-green.com,United Kingdom
S1430,Emily Munoz,2001-12-11,emcdonald@hull-wilkerson.info,Mauritania
S1431,Tammy Lamb,2004-07-03,steven78@thompson-dickson.com,Macao
S1432,Alicia Dennis,1998-04-04,daguilar@gmail.com,Saudi Arabia
S1433,Anthony Poole,2001-04-07,rodgersjoe@hotmail.com,Cook Islands
S1434,Julie Fernandez,1999-10-19,amyallen@hart.com,Bhutan
S1435,Cassandra Sanchez,2005-07-16,carrie40@gmail.com,Guernsey
S1436,Marie Robertson,2002-03-15,fryan@hotmail.com,Cambodia
S1437,James Bartlett,2008-02-07,timothy78@perez.biz,Costa Rica
S1438,Calvin Floyd,2000-03-19,johnjensen@santos.com,Suriname
S1439,Jay Reeves,2006-11-15,curtis49@dickson.com,Reunion
S1440,Kevin Sanders,2004-09-25,tracyjordan@hotmail.com,Taiwan
S1441,Caroline Moran,1994-06-08,ronnie16@ramos.net,Burkina Faso
S1442,Crystal Gonzales,1999-12-20,mmurray@morris-adams.com,Croatia
S1443,Amanda Bauer,2005-12-01,amanda49@hotmail.com,Libyan Arab Jamahiriya
S1444,Christopher Roberts,2008-02-10,grahamjoshua@hotmail.com,British Indian Ocean Territory (Chagos Archipelago)
S1445,Helen Wood,1995-08-22,latasha28@guerrero.net,Greece
S1446,Melissa Duncan DVM,1996-06-04,emma38@hotmail.com,Estonia
S1447,Virginia Wright,1999-03-07,steven47@moore.biz,Saint Pierre and Miquelon
S1448,Lisa Reyes,2000-11-22,amanda98@yahoo.com,Paraguay
S1449,Clifford Lopez,2000-11-16,jamesberry@patterson-jimenez.com,Swaziland
S1450,Curtis Harris,1999-02-27,patrick52@wright-peterson.com,Turks and Caicos Islands
S1451,Devin Little,2002-12-02,wisecarmen@hotmail.com,South Georgia and the South Sandwich Islands
S1452,Jennifer Jones,2000-01-05,browncynthia@nolan.com,Azerbaijan
S1453,Rachel Myers,2005-01-31,reeddwayne@gmail.com,Nigeria
S1454,Philip Becker,1998-04-01,eric14@kramer.biz,Latvia
S1455,Kelly Webb,2000-05-20,karina62@yahoo.com,United Kingdom
S1456,Karen Casey,1994-09-14,lisahorne@gmail.com,China
S1457,Kerry Harrison,1997-03-15,lesliemcclure@gmail.com,Solomon Islands
S1458,Brad Harvey,2006-08-31,oquinn@hotmail.com,British Virgin Islands
S1459,Amber Buckley,1995-10-17,travisedwards@smith.com,Afghanistan
S1460,Tara Mosley,31-31-2099,pettydavid@hotmail.com,Mozambique
S1461,Daniel Gutierrez,1994-11-06,nbrown@hotmail.com,Tunisia
S1462,Debra White,2002-07-28,davidwilliams@yahoo.com,Cocos (Keeling) Islands
S1463,Isaiah Wilson,1995-08-25,sampsonjamie@sutton.biz,Nigeria
S1464,Helen Sims,31-31-2099,esanchez@gmail.com,Burundi
S1465,Anthony Poole,1995-11-22,rodgersjoe@hotmail.com,Korea
S1466,Michael Jones,1998-01-02,usullivan@hotmail.com,Moldova
S1467,Robert Gibson,2002-04-15,mmcmahon@gmail.com,Iraq
S1468,Jose Jones,31-31-2099,pmiller@gmail.com,Taiwan
S1469,Donald Burton,2005-01-10,melissathomas@hotmail.com,Canada
S1470,Allison Henderson,31-31-2099,farmerwhitney@rodriguez-white.org,Chad
S1471,Samantha Bender,2001-04-03,josephgraham@mitchell.info,Finland
S1472,Sarah Burgess,2004-08-11,johnwilson@gmail.com,Pakistan
S1473,Mark Martin,2008-01-09,joseph29@gmail.com,Paraguay
S1474,Austin Cordova,2008-03-15,onealadam@gmail.com,United States Minor Outlying Islands
S1475,Brandi Bradley,1995-04-24,gwallace@gmail.com,United States of America
S1476,Adam White,2005-03-26,veronica75@yahoo.com,Turkey
S1477,Tiffany Valencia,1998-08-03,shelbytaylor@gmail.com,Italy
S1478,Travis Cantrell,1998-04-21,humphreymelissa@long-thompson.com,Seychelles
S1479,Erika Jones,1998-05-03,daviscourtney@hotmail.com,Guadeloupe
S1480,Michelle Jimenez,2004-01-22,katherine72@robinson.net,Somalia
S1481,Kerry Hubbard,1995-02-07,jasonduncan@villarreal.com,Pakistan
S1482,Eric Mcgrath,1998-05-22,jacquelineclark@kelly.org,Fiji
S1483,Elizabeth Parker DDS,2000-03-12,reginald18@yahoo.com,Bangladesh
S1484,William Flynn,2007-08-14,thomasmary@yahoo.com,Cambodia
S1485,Holly Kelly,2001-11-02,bennettandre@hotmail.com,Portugal
S1486,Kelly Villa,2007-01-18,erin81@oconnell.com,Niue
S1487,Dennis Nunez,1995-10-06,heatherwilcox@park.com,Sudan
S1488,Edward Arias,2001-08-07,millscharles@perry-mitchell.com,Jamaica
S1489,Carlos Stanley,2005-10-24,gcervantes@smith-marshall.info,Congo
S1490,Angela Nolan,1998-05-07,daniel55@gmail.com,Seychelles
S1491,Christopher Sanders,1995-07-14,daniel51@yahoo.com,Guinea-Bissau
S1492,Catherine Jenkins,1999-09-04,mtaylor@gmail.com,Trinidad and Tobago
S1493,Mr. Daniel Hernandez,2005-11-06,dana22@henry-turner.com,Senegal
S1494,Eric Smith,1997-08-18,roberta54@yahoo.com,Uzbekistan
S1495,Courtney Shepherd,1999-09-03,michael88@ruiz.com,Reunion
S1496,Casey Dean,2000-08-28,joshuaoliver@hotmail.com,Cameroon
S1497,James Harris,2000-10-20,sgarcia@russell.com,Samoa
S1498,Charles Burnett,2003-08-06,thomaswalter@reynolds.info,Saint Kitts and Nevis
S1499,Carly Mclaughlin,2004-09-17,richardfranklin@gmail.com,Uganda
S1500,Roberta Parker,1999-05-25,vclark@johnson-taylor.net,French Guiana
S1501,Paul Miller,1995-12-11,colleencohen@parrish.biz,Tonga
S1502,Laura Ortega,2001-05-30,robert07@martinez.net,San Marino
S1503,Joseph Wagner,2005-06-22,adam38@lee.biz,Afghanistan
S1504,Phillip Potter,2001-11-26,jsalas@yahoo.com,Ireland
S1505,Jesse Turner,2002-01-12,rodriguezmatthew@rogers.com,Liechtenstein
S1506,Heather Martin,2008-03-13,joseph81@brown-davila.org,Croatia
S1507,Alicia Hull,2008-03-27,riosmichael@yahoo.com,Israel
S1508,Melinda Tran,2003-07-11,kfranklin@garcia.org,Montenegro
S1509,Lauren Guerrero,2003-01-01,dstrickland@yahoo.com,Libyan Arab Jamahiriya
S1510,Robert Garza,1998-07-13,tony54@sanchez.com,Namibia
S1511,Christine Daniels,1995-06-23,toddjohnson@frazier.net,Sierra Leone
S1512,Todd Mclean,2006-04-17,james76@klein.com,Burkina Faso
S1513,Jamie Nolan,1998-02-22,hinestanya@wilson.com,India
S1514,Miss Erika Watson,1996-11-16,yoderjasmine@hotmail.com,Guernsey
S1515,Catherine Olson,1998-07-02,cruzanna@hotmail.com,Austria
S1516,Angela Kim,2004-09-12,sandramurphy@munoz.com,Congo
S1517,Mr. Wayne Fowler,2004-01-18,meadowsamanda@schmitt.com,Mauritius
S1518,Anthony Mendoza,1995-11-05,paula51@yahoo.com,Australia
S1519,Lindsay Walker,1997-03-02,tyler22@yahoo.com,Mayotte
S1520,Alexandra Bridges,1999-07-22,amy11@yahoo.com,Anguilla
S1521,Jonathan Frank,2002-05-09,ryan14@hotmail.com,Albania
S1522,Jordan Robinson,2000-08-29,longrobert@lozano.biz,India
S1523,Sheila Bailey,2005-11-20,robertstevens@mccall.com,Saint Lucia
S1524,Jasmine Mcdonald,2003-09-27,harry11@richardson.org,Mali
S1525,Matthew Jones,1995-03-13,ashleylong@gmail.com,Panama
S1526,Heather Medina,1996-06-26,robin62@fuentes.com,Equatorial Guinea
S1527,Michael White,2006-09-25,hsmith@yahoo.com,Bolivia
S1528,Rebecca Marshall,2005-01-01,yreyes@yahoo.com,Brazil
S1529,Carl Johnson,2000-08-25,lauravazquez@hotmail.com,Guadeloupe
S1530,Denise Huff,2006-11-18,vmoore@berger.biz,Algeria
S1531,Matthew Acosta,1996-07-01,brettgreen@price.com,United States of America
S1532,Kenneth Hughes,2007-04-15,hinessara@gmail.com,Reunion
S1533,Lori Carson,2001-07-30,msilva@campbell.com,Saudi Arabia
S1534,Dawn Moreno,1995-01-07,ncole@oconnell.com,Guinea
S1535,Cindy Goodwin,2005-09-24,henrykenneth@hotmail.com,India
S1536,Scott Stevenson,2002-06-14,johnsonmike@spears.com,Bahrain
S1537,Jacob Sullivan,2005-11-08,brittany73@anderson.biz,Saudi Arabia
S1538,Holly Ramos,2005-03-29,mrussell@hotmail.com,Mayotte
S1539,Bobby Sanchez,2005-01-12,nguyenjesse@hotmail.com,Saint Barthelemy
S1540,Sarah Morris,1999-12-31,xstout@morgan-fox.com,Gibraltar
S1541,Wendy Nguyen,1999-03-01,riddlerobert@porter.com,Benin
S1542,Richard Brown,2001-09-22,carrmichael@gmail.com,Tanzania
S1543,Nicholas Rodriguez,2007-07-02,christopher57@gmail.com,British Virgin Islands
S1544,Dr. Thomas Castillo Jr.,31-31-2099,pearsonlaura@yahoo.com,Saint Pierre and Miquelon
S1545,Jeffrey Martinez,1998-02-22,maria58@singh.info,Jordan
S1546,Alison Mills,2005-06-21,ubaker@mcintosh-williams.info,Switzerland
S1547,Austin Jackson,2003-05-31,carpenteramanda@pollard.com,Bermuda
S1548,Carlos Johnson,2003-07-18,travis88@cisneros.com,Portugal
S1549,Dustin Smith,1995-12-14,igallegos@yahoo.com,Czech Republic
S1550,Whitney Martinez,2002-08-13,michelleperry@anderson.org,Australia
S1551,Peter Becker,1994-06-18,turnerjonathan@fields.com,Jamaica
S1552,Garrett Hebert,1997-07-30,laurencarter@hotmail.com,New Zealand
S1553,Edward Allen,2007-10-07,sierra79@moore.com,Mali
S1554,Melissa Smith,2001-12-04,donnanicholson@gmail.com,Mexico
S1555,Christina Wilson,1997-03-06,jonathan25@mendoza.com,Lao People's Democratic Republic
S1556,Hannah Kelley,2003-11-20,aaronlopez@lewis-sanford.com,New Zealand
S1557,Richard Yang,2004-01-11,ericsuarez@gmail.com,Ukraine
S1558,Tammy Jenkins,1994-06-13,garyperez@tucker.com,Guinea
S1559,Craig Tyler,1997-06-25,allenkimberly@wilson.com,Guinea-Bissau
S1560,Zachary Strong,1999-08-22,john47@james.biz,Dominica
S1561,Sarah Manning,2004-10-05,ajones@cameron.net,Russian Federation
S1562,Maria Murphy,2008-03-26,smithgina@hotmail.com,South Africa
S1563,Colin Lopez,31-31-2099,eirwin@gmail.com,Guinea
S1564,Robin Roberts,31-31-2099,chungedwin@white-snyder.com,Guam
S1565,Nicole Garner,1996-04-28,ctaylor@fox.org,Aruba
S1566,Katherine Hendrix,2004-04-30,adam99@york-mcgrath.com,Croatia
S1567,Sandra Rodgers,1996-02-19,mathewsphillip@hernandez-wu.info,Ghana
S1568,Austin Ramirez,2003-04-13,sara62@yahoo.com,Falkland Islands (Malvinas)
S1569,Ryan Graham,2002-02-24,davismelissa@morrison-bell.com,Cuba
S1570,David Ball,2004-09-07,wross@yahoo.com,Togo
S1571,Sheila White,2000-07-01,brookewoods@nunez.com,Moldova
S1572,Kenneth Richardson,2004-01-26,cabrerajohnny@yahoo.com,Holy See (Vatican City State)
S1573,Jennifer Valdez,2000-11-18,mariocaldwell@yahoo.com,Iran
S1574,Michael Sosa,2007-07-27,fyu@gmail.com,French Guiana
S1575,Katelyn Ramos,1998-05-16,jenniferhobbs@yahoo.com,Guyana
S1576,Teresa Williams,1997-02-24,hdawson@martinez.biz,Afghanistan
S1577,Robert Anderson,2001-01-13,smithmary@johnson.com,Marshall Islands
S1578,Lisa Short,2002-01-12,wellsmaria@brewer.org,Afghanistan
S1579,Robert Pollard,31-31-2099,kenneth19@jones.info,French Southern Territories
S1580,Dominic Bates,2007-03-22,rodriguezchristian@pugh-williams.info,Honduras
S1581,Kimberly Moon,1999-08-18,fneal@gmail.com,Somalia
S1582,Shannon Beck,2004-01-19,johnsonjason@yahoo.com,Czech Republic
S1583,Jonathan Johnson,31-31-2099,ryan80@walls.com,Palestinian Territory
S1584,Sara Ellison,1999-01-27,robert35@green-martinez.com,Mexico
S1585,Peter Shaffer,1996-12-09,zhangjames@yahoo.com,Germany
S1586,Richard English,1996-06-25,hallen@yahoo.com,Afghanistan
S1587,Christine Gallagher,1997-01-21,katrinajohnson@mack.com,Sierra Leone
S1588,Jessica Smith,2000-11-10,brogers@king.com,Slovakia (Slovak Republic)
S1589,Erika Cantrell,1997-08-03,rjenkins@yahoo.com,Morocco
S1590,Katherine Payne,2002-07-25,katherinefowler@yahoo.com,Oman
S1591,Christopher Dean,1996-03-15,theresa04@hotmail.com,Macedonia
S1592,Rhonda Perez,2005-01-17,christinecarter@ford-bruce.com,Maldives
S1593,Elizabeth Williams,1994-10-07,kent15@hotmail.com,Lithuania
S1594,Jesse Morris DDS,1999-06-25,megan00@meza.com,Georgia
S1595,Tracie Nelson,2004-06-26,dawn62@gmail.com,Guinea
S1596,Robert Mejia,2001-12-15,oromero@yahoo.com,Cuba
S1597,Erin Ray,2002-08-17,fpratt@gmail.com,Antigua and Barbuda
S1598,Robert Smith,2007-08-04,joseph09@gmail.com,Saint Pierre and Miquelon
S1599,Derek Burke PhD,1999-12-20,jonesrachel@gmail.com,Anguilla
S1600,Billy Porter,31-31-2099,annafernandez@yahoo.com,Hungary
S1601,Erika Reyes,1997-09-03,hintonolivia@benjamin.com,Peru
S1602,Tiffany Pace,2004-12-13,mitchell63@ross.org,Yemen
S1603,Eric Sheppard,31-31-2099,brownstacy@gmail.com,Reunion
S1604,Sarah Rose,2007-08-15,kaylawilkerson@gmail.com,Bouvet Island (Bouvetoya)
S1605,Mr. Brent Cook,1994-12-13,james73@castaneda.com,Guyana
S1606,Elizabeth Silva,2001-05-10,duncanrita@henderson-schaefer.com,Guinea
S1607,Christian Kelly,2004-04-12,jjennings@vasquez.com,Palestinian Territory
S1608,Meredith Woods,31-31-2099,foleylisa@taylor-mcintyre.com,Mayotte
S1609,Jon Garrett,1997-11-06,reedchristopher@brown-kent.net,French Southern Territories
S1610,Barbara Hunt,2004-11-08,cristian03@harris-jordan.com,Bangladesh
S1611,Jessica Tapia,31-31-2099,amandavelez@armstrong.info,Samoa
S1612,Abigail Mcfarland,31-31-2099,natalie65@yahoo.com,Aruba
S1613,Steven Nash,2003-07-24,chadramos@hotmail.com,Norfolk Island
S1614,Alexis Green,1999-10-11,maciasdaryl@callahan.com,Togo
S1615,Sandra Brown,2006-06-24,peggygray@gibbs.com,Liechtenstein
S1616,Kenneth Rose,1997-11-30,hillwalter@herman.com,Madagascar
S1617,Roy Sullivan,1996-11-25,kelleyanne@williams.info,Sweden
S1618,Krista Heath,1998-10-02,brittanyli@dunn-black.info,Saint Vincent and the Grenadines
S1619,Joseph Henderson,1998-08-04,stephen41@yahoo.com,Romania
S1620,Daniel Hunter,1996-07-14,wvance@yahoo.com,Indonesia
S1621,Michael West,2000-04-24,matthewphelps@willis.com,Guernsey
S1622,Kevin Berry,2008-01-07,pjacobson@duncan.com,French Guiana
S1623,Steven Page,2005-02-05,patriciaphillips@norton-smith.com,Tanzania
S1624,Justin Mcknight,2007-01-26,steven35@yahoo.com,Iceland
S1625,Catherine Thompson,1999-06-11,kempaustin@yahoo.com,Turkmenistan
S1626,Anita Glover,2002-07-19,floresmegan@mcdonald-freeman.com,Saint Pierre and Miquelon
S1627,Christopher Long,1996-03-14,jonathanheath@gmail.com,French Polynesia
S1628,Jose Hancock,2000-10-23,brittanyalvarez@tyler-riley.com,Saint Barthelemy
S1629,Lisa Henry,1999-04-10,mark67@hotmail.com,United Arab Emirates
S1630,Wesley Raymond,2004-07-11,lindsaystrong@braun.com,Nepal
S1631,Gregg Gonzales,1999-12-16,qknox@hotmail.com,Yemen
S1632,William Griffin,2007-08-17,hillmichael@yahoo.com,Turkmenistan
S1633,Marcus Brown,2001-10-14,jonesbrittany@smith.org,Belarus
S1634,Jean Thompson,1997-04-17,angela23@jenkins.com,Latvia
S1635,Brian Riggs,31-31-2099,zhayes@yahoo.com,Liechtenstein
S1636,Christopher Martin,2002-02-04,marcusmartin@stone.org,Algeria
S1637,John Alvarado,2004-11-18,mark93@gmail.com,Cameroon
S1638,Mr. Robert Lopez,31-31-2099,schmittjeremiah@lawson.com,Montserrat
S1639,Elizabeth Cole,2005-08-01,wellsbenjamin@gmail.com,Iran
S1640,James Rodriguez,1997-09-01,brianna10@gmail.com,Svalbard & Jan Mayen Islands
S1641,Karen Jacobs,1999-12-13,mcampbell@brooks-wong.net,Spain
S1642,Kevin Rogers,1998-12-03,pbradshaw@kennedy.biz,Norfolk Island
S1643,Debra Velazquez,1995-07-20,ashley60@gonzalez.com,Germany
S1644,Miguel Torres,1998-10-17,okelly@gilbert.net,Djibouti
S1645,Wanda Haney,1995-03-12,shelley72@rodriguez.com,Central African Republic
S1646,Wendy Salazar,1995-04-21,moralesbrittney@yahoo.com,Macao
S1647,Travis Ortiz,2005-10-31,pierceeric@yahoo.com,Greenland
S1648,Karen Yoder,1996-09-26,laura89@gill-fields.com,Vietnam
S1649,Cynthia Rice,2003-07-07,trevorpatterson@hotmail.com,Libyan Arab Jamahiriya
S1650,Laura Paul,1998-07-05,billy79@gmail.com,Estonia
S1651,Jay Wolfe,31-31-2099,elizabethhale@yahoo.com,Oman
S1652,Tim Ray,31-31-2099,wanda41@gmail.com,Palau
S1653,Sarah Smith,31-31-2099,michelle00@williams.com,Svalbard & Jan Mayen Islands
S1654,Laura Wade,2000-05-09,brownjacob@cantrell.com,Suriname
S1655,Jonathon Bernard,2003-03-30,brian70@yahoo.com,Tanzania
S1656,Bridget Smith,2003-06-15,bmiller@hotmail.com,Malaysia
S1657,Eric Oconnor,1998-10-05,riverasandra@hotmail.com,Western Sahara
S1658,Sherry Merritt,2004-04-27,meyerjessica@ramos-smith.org,Panama
S1659,Joshua Miller,2003-08-14,tonya42@gmail.com,New Zealand
S1660,Ashley Waters,1995-04-06,medinaamber@yahoo.com,Northern Mariana Islands
S1661,Adam Mathis,1994-05-18,nealjennifer@turner-martinez.net,Lebanon
S1662,Sandra Mills,2008-04-17,armstrongdavid@sanders.info,Guatemala
S1663,Melissa Garrison,2005-05-09,sgonzalez@deleon-watkins.info,Isle of Man
S1664,Meredith Jordan,2000-02-13,quinnmatthew@nguyen.com,Guinea-Bissau
S1665,Anthony Martinez,2003-01-20,wattsjimmy@reyes.info,Australia
S1666,Edward Wilson,2004-12-30,hmorgan@gmail.com,Guam
S1667,Lance Collins,2007-03-19,glen22@ruiz.com,Taiwan
S1668,John Phillips,1997-02-15,landrylauren@johnston.org,Guinea-Bissau
S1669,Madison Miranda,2002-05-05,stonekevin@hotmail.com,Cape Verde
S1670,Jennifer Reynolds,1994-07-26,theresagarcia@montoya.biz,Lao People's Democratic Republic
S1671,Glenda Patel,2008-05-12,wilcoxjason@chung.net,Croatia
S1672,Kelly Valdez,1995-06-07,florescrystal@yahoo.com,Moldova
S1673,Emma Kaufman,1998-03-21,nicholeparker@yahoo.com,Cameroon
S1674,Nicole Valdez,2005-04-15,xperkins@hotmail.com,Azerbaijan
S1675,Linda Jones,2001-05-05,chad70@gibson-wise.com,Bosnia and Herzegovina
S1676,Patricia Marshall,1997-01-15,melinda22@yahoo.com,Guatemala
S1677,Robert Lewis,1997-06-28,angela07@stuart.info,United States Virgin Islands
S1678,William Stafford,2002-06-02,kellyhouston@yahoo.com,Pakistan
S1679,Samantha Adams,2001-11-29,bruce90@west.org,Armenia
S1680,Jacob Ingram,2003-07-06,stonedennis@gmail.com,Bermuda
S1681,Mr. Joshua Trujillo,2007-11-23,edwardhamilton@hotmail.com,Bolivia
S1682,Timothy Martinez,1998-10-13,diazchristine@miller.net,Venezuela
S1683,Jamie Reyes,1999-02-15,rbentley@walters-moore.org,Korea
S1684,Kathleen Rush,2007-10-09,zreed@munoz-yoder.com,Cyprus
S1685,Jim Roberts,2005-06-07,lowerynicole@gmail.com,Libyan Arab Jamahiriya
S1686,Michael Scott,1995-03-08,melissaphillips@gmail.com,Angola
S1687,Jason Klein MD,2005-03-08,ronnie33@yahoo.com,Guernsey
S1688,Justin Rice,1994-07-03,nancy50@hotmail.com,Madagascar
S1689,Douglas Jimenez,1999-01-25,ocampbell@yahoo.com,Iraq
S1690,Sara Colon,2006-05-28,andrewbutler@gmail.com,Botswana
S1691,Jennifer Jackson,2006-06-16,qglover@wood.com,Austria
S1692,James Jimenez,1997-08-25,theresamaynard@gmail.com,Russian Federation
S1693,Mary Kelly,1996-12-29,tony98@olson.org,Cayman Islands
S1694,Julia Reynolds,1994-06-06,smithkeith@gmail.com,Palau
S1695,Andrew Patterson,2006-03-17,mball@thompson.com,Turks and Caicos Islands
S1696,Joseph Lane,2004-04-27,hwarner@gmail.com,Dominica
S1697,Kelsey Walsh,1999-08-22,cbaker@yahoo.com,Korea
S1698,Dylan Adams,1994-12-29,elliottbenjamin@brown.net,Iraq
S1699,William Wilson,1999-11-09,nhall@tyler.com,Barbados
S1700,Melissa Jones,2004-11-07,hallkaitlyn@gmail.com,Turkmenistan
S1701,Eric Compton,1998-02-05,johnsonrandy@glenn.com,Vanuatu
S1702,Richard Kim,2006-07-28,patriciawilliams@yahoo.com,Croatia
S1703,Eugene Garcia,2003-03-27,wyattjohn@duran.com,Sweden
S1704,Margaret Adams,1997-11-14,ucoleman@yahoo.com,Central African Republic
S1705,Edward Brown,2001-11-29,cynthia39@garcia.com,France
S1706,Laura Brown,2004-07-18,hensonpeter@jones-rojas.com,Bhutan
S1707,Charles Brock,2006-04-22,destinylewis@powell.com,Indonesia
S1708,Jennifer Pham,2005-08-26,ygutierrez@johnson-forbes.info,Luxembourg
S1709,Mr. Trevor Weber,1997-07-02,foxkathryn@gmail.com,Iran
S1710,Lisa Stevenson,1997-04-26,wolfronald@lee.info,Kuwait
S1711,Maria Hernandez,2007-04-08,rebecca21@campbell.info,Liberia
S1712,Roger Russell,2001-10-08,millerariana@hotmail.com,Heard Island and McDonald Islands
S1713,Jennifer Thomas,2006-08-22,valeriemurphy@mendez.com,Palestinian Territory
S1714,Alexander Aguirre,2000-10-04,wgarcia@hotmail.com,Austria
S1715,Christopher Johnson,2006-06-02,collinsabigail@peters.com,Gambia
S1716,Micheal Hayes,1996-06-03,julie74@yahoo.com,Slovakia (Slovak Republic)
S1717,Brooke Kline,1996-10-14,matthew39@yahoo.com,Greenland
S1718,Linda Scott DDS,1994-11-16,hallpeter@carrillo.com,Belgium
S1719,Andrea Johnson,2007-08-03,dale78@patton-fisher.com,Kyrgyz Republic
S1720,Jerry Valenzuela,2002-07-22,joshuaguerrero@travis-stein.info,Bangladesh
S1721,Kayla Reed,2004-01-15,zstevens@hotmail.com,Timor-Leste
S1722,Mr. David Thomas,2003-11-13,xbarry@yahoo.com,Uzbekistan
S1723,Curtis Griffin,1999-01-06,nancy64@hotmail.com,Niger
S1724,Madison Robinson,1996-10-12,alvarezvanessa@martin.com,South Africa
S1725,Christopher Rose,2002-06-05,thompsonandrea@yahoo.com,Algeria
S1726,Kelly Rivera,2006-06-20,timothyjennings@gmail.com,Anguilla
S1727,Brittany Wright,2000-04-28,kellylauren@garcia.com,Poland
S1728,Cole Watts,2007-11-03,farias@tucker.net,Cook Islands
S1729,Matthew West,2001-05-27,shawnleonard@yahoo.com,Georgia
S1730,Chad Jackson,2005-12-18,bgarcia@jacobs.info,Spain
S1731,Caleb Mann,1996-04-11,rodriguezmelinda@hotmail.com,Poland
S1732,Suzanne Torres,1994-09-26,reynoldsrandy@hotmail.com,Cote d'Ivoire
S1733,Darren James,2007-11-26,louis17@salas-murray.org,British Indian Ocean Territory (Chagos Archipelago)
S1734,Leah Hebert,1999-09-25,cindystrickland@rodriguez-hodges.info,Ecuador
S1735,Anita Bishop,1998-01-19,pmills@lee.org,Somalia
S1736,Jackie Tucker,2007-09-21,williamsjasmine@hotmail.com,Sweden
S1737,Cassandra Morgan,2002-08-13,blackwellcassandra@lee-montgomery.com,Rwanda
S1738,Gina Garrison,2006-11-01,torresdebra@moreno.com,Mongolia
S1739,Brandon Wright,1997-06-29,theresa74@johnson.info,Malaysia
S1740,Kara Evans,2003-09-24,paula31@wright-peters.com,Saudi Arabia
S1741,Ashley Jackson,2005-03-03,drush@steele.com,Denmark
S1742,Hunter Hughes,1995-06-22,kpacheco@gmail.com,Jersey
S1743,Nathan Campbell,2005-03-17,jonathon92@perez-johnston.com,Belarus
S1744,Paul Gray,2006-02-07,taylorryan@thompson.biz,Honduras
S1745,Katherine Gutierrez,1997-09-21,jsanchez@hotmail.com,Slovenia
S1746,Wyatt Lopez,2003-03-24,anthonymyers@crawford-davis.biz,Zimbabwe
S1747,Victoria Parsons,31-31-2099,singhcharles@weeks-holden.com,Madagascar
S1748,William Dunn,2007-12-14,bedwards@williams.biz,Comoros
S1749,Bobby Garza,2001-01-26,mark49@wagner.com,Mongolia
S1750,Nancy Sanders,2001-11-23,petersonkatherine@everett.info,Netherlands Antilles
S1751,Kimberly Davis,1996-12-05,lisa65@cortez.com,Kenya
S1752,Ralph Ibarra,1995-07-01,juliehernandez@coffey.info,Palestinian Territory
S1753,Megan Evans MD,2004-01-13,smitchell@richardson-kennedy.info,Oman
S1754,Cameron Chung,2005-10-10,wschmidt@payne-warner.net,Belgium
S1755,Ryan Willis,2000-04-03,zdavis@hicks.com,Haiti
S1756,Keith Butler,1997-09-30,fthompson@james-holmes.com,New Caledonia
S1757,Connie Simon,1997-06-20,isalinas@hotmail.com,Mayotte
S1758,James Ellis,1995-06-11,wmercer@gmail.com,Saint Lucia
S1759,Matthew Medina,2005-09-12,nancydavis@hotmail.com,Papua New Guinea
S1760,Jessica Lyons,2003-01-22,cwilliams@hotmail.com,Montenegro
S1761,Amy Barrett,2003-11-11,hernandezjessica@gmail.com,Korea
S1762,Paula Mcdowell,1996-10-14,johnrodriguez@ross.com,Sri Lanka
S1763,Kimberly Davis,2007-09-28,lisa65@cortez.com,United States Minor Outlying Islands
S1764,Cassandra Lyons,1994-12-03,millercorey@hotmail.com,French Southern Territories
S1765,Vicki Miles,1999-05-27,omorgan@yahoo.com,Saint Lucia
S1766,Robert Bridges,2004-11-28,kingtravis@roberts-smith.com,Mauritius
S1767,Jason Torres,1994-06-19,brianphillips@hotmail.com,Saint Vincent and the Grenadines
S1768,Steven Long,1996-12-27,juanwagner@herrera-davis.com,Canada
S1769,Steven Schultz,2001-07-19,richarddavis@yahoo.com,Grenada
S1770,Kevin Thomas,2007-08-19,jill56@hotmail.com,Bosnia and Herzegovina
S1771,James Smith,2001-10-19,jesse83@beard.com,Djibouti
S1772,Teresa Ramsey,1998-10-17,kim96@yahoo.com,French Southern Territories
S1773,David Forbes MD,1997-12-16,pattoncathy@herrera.net,Denmark
S1774,Becky Cooper,2004-01-07,dvaughn@jennings-flowers.org,Hong Kong
S1775,Elizabeth Watson,2005-07-12,barbarajimenez@gmail.com,Czech Republic
S1776,Norman Taylor,1994-11-20,butlertracy@mclean.net,Algeria
S1777,Gary Carpenter,1994-07-23,travisrose@gmail.com,Saint Pierre and Miquelon
S1778,John Mcpherson,1994-10-24,kelly97@roman.org,Tonga
S1779,Olivia Johnson,2000-05-06,dmarshall@hayes.net,Guam
S1780,Ryan Lee,2006-10-28,jeffreyrodriguez@mendez.com,Turkey
S1781,John Clark,1996-12-23,jennifer49@hotmail.com,Montserrat
S1782,Matthew Morton,2005-06-03,stephen57@hart.com,American Samoa
S1783,William Wilson,2006-05-10,heatherdiaz@yahoo.com,Belize
S1784,Katie Dickson,1994-06-19,kristendonovan@hotmail.com,Djibouti
S1785,Frederick Johnson,1995-09-12,danreyes@perez-hayes.info,Kenya
S1786,Ryan Mckenzie,1997-02-10,brownchristopher@gmail.com,Pitcairn Islands
S1787,Kenneth Anderson,2006-03-23,paul39@hotmail.com,Mozambique
S1788,Jason Mills,2006-12-30,cooketammy@yahoo.com,Jamaica
S1789,Alexandra Espinoza,1996-10-27,aliciapham@meyer-jordan.com,Nauru
S1790,Andrea Austin,2004-09-14,websterabigail@melendez.biz,United Arab Emirates
S1791,Cynthia Griffin,2007-07-28,ghouston@douglas-anthony.com,Syrian Arab Republic
S1792,Cristina Kelly,2007-07-24,rosemelvin@barr.info,Kuwait
S1793,Lori Branch,2003-04-02,andersonjames@gmail.com,Norfolk Island
S1794,Theresa Davidson,2005-12-16,kevin81@jordan-guzman.com,Cook Islands
S1795,Erin Gordon,2001-05-02,boyerrhonda@yahoo.com,Egypt
S1796,Dennis Kirby,1997-07-25,peggy55@cooper.com,Djibouti
S1797,Sara Ford,1998-10-07,thomasward@rogers.com,Egypt
S1798,Tina Gray,31-31-2099,kfernandez@yahoo.com,Uruguay
S1799,Christopher Hernandez,2004-01-23,acooper@lee.com,Mali
S1800,Roger Newman,1998-02-15,michaelhuffman@hotmail.com,Singapore
S1801,Janice Elliott,1995-04-12,collinsgabrielle@nunez.com,Yemen
S1802,Andrew Cabrera,1998-11-08,donnareynolds@hotmail.com,Australia
S1803,Kari Steele,2001-01-02,danieldavis@yahoo.com,Turkmenistan
S1804,Arthur Mcdonald,2000-08-08,jessicajohnston@hotmail.com,Brunei Darussalam
S1805,Heather Perry,2004-02-08,washingtonarthur@peters-mckenzie.com,Jordan
S1806,Mark Gibson,1997-01-02,amandaking@scott-melton.com,Zambia
S1807,Aaron Dawson,2001-05-25,karenporter@tapia.com,Tunisia
S1808,John Sweeney,1996-04-27,lindarodriguez@yahoo.com,Svalbard & Jan Mayen Islands
S1809,Julie Williamson,1994-05-30,jessica09@ritter.biz,British Virgin Islands
S1810,Amber Jones,1999-11-19,perezamanda@foster-lewis.org,Lao People's Democratic Republic
S1811,Michelle Nelson,2003-06-14,kingdavid@hotmail.com,Costa Rica
S1812,Paul Keller,2007-06-14,annabeard@hotmail.com,Ghana
S1813,Mary Ferguson,2005-10-21,paulosborne@thompson-gray.com,Greece
S1814,Scott Spence,2002-11-04,joneskyle@yahoo.com,Dominican Republic
S1815,Darius Sanders,2004-12-19,nathan27@vazquez.net,Andorra
S1816,Jamie Williams,1997-06-21,jill58@gmail.com,Singapore
S1817,Sarah Erickson,2006-03-14,dawntaylor@roth-dunlap.biz,Cambodia
S1818,Angela Bell,31-31-2099,alexiskaiser@hotmail.com,Tanzania
S1819,Bridget Morrow,2007-07-12,khoffman@yahoo.com,Ireland
S1820,Wesley Wyatt,2004-10-07,carlosferguson@yahoo.com,Cuba
S1821,James White,1995-11-29,rogersangela@hotmail.com,Spain
S1822,Derek Cunningham,1998-12-13,johnmills@davis.biz,Uganda
S1823,Erika Brandt,2000-01-04,vegadaniel@farrell.com,Afghanistan
S1824,Karen Burnett,2001-12-08,qsmith@dixon.org,Sierra Leone
S1825,Alicia Ramos,1997-08-02,rodriguezmichael@stevens.biz,Mongolia
S1826,Joseph Berry,1995-04-15,jordan05@moore.biz,Greenland
S1827,Jenna Bishop,2007-04-03,baileythomas@kline.net,Estonia
S1828,Alicia Rodriguez,1996-08-24,pricephillip@andrews-duncan.com,Slovenia
S1829,Lisa Grimes,2001-08-24,marcusdavis@hotmail.com,Myanmar
S1830,Jamie Chang,1998-02-19,michaelchambers@yahoo.com,Georgia
S1831,Matthew Smith,2005-03-26,walkerkimberly@lee.biz,Syrian Arab Republic
S1832,James Smith,2004-03-18,morgan44@yahoo.com,Chile
S1833,Anthony Robinson,2007-01-26,moralessteven@gmail.com,Ecuador
S1834,Shelby Bell,2001-04-27,hayden35@hotmail.com,Comoros
S1835,Randall Harrison,2006-07-18,brocklisa@oconnor-nguyen.net,Eritrea
S1836,Juan Zuniga,2008-02-29,veronicafigueroa@gmail.com,South Africa
S1837,Brandon Singleton,2007-06-13,morganchristopher@richardson.net,Italy
S1838,Shane Hampton,1994-09-18,bcunningham@smith.org,Yemen
S1839,Kelly Eaton,2004-01-01,anthony42@hotmail.com,France
S1840,Kelly Mills,2006-02-24,fishermolly@gmail.com,Costa Rica
S1841,Troy Wolfe,1997-08-10,richardramos@herrera-flores.com,Christmas Island
S1842,Ana Chapman,1994-05-19,michaelhenderson@hotmail.com,China
S1843,Angela Hernandez,2003-01-02,heaton@price-jarvis.com,Saint Martin
S1844,Alan Anderson,2003-11-14,rbaker@yahoo.com,Iran
S1845,Tyler Juarez,1997-09-12,nschultz@gmail.com,India
S1846,Janet Gonzales,1999-10-26,ryanstewart@yahoo.com,Romania
S1847,Rachael Mcbride,2004-08-24,ishepherd@phillips.net,Gabon
S1848,Tanya Boyd,2005-04-18,travisking@hotmail.com,Saint Lucia
S1849,Valerie Smith,2003-02-01,sherrycarter@yahoo.com,British Indian Ocean Territory (Chagos Archipelago)
S1850,Tamara Navarro,1996-06-17,roserachel@powers-drake.com,Cameroon
S1851,Mr. Daniel Ibarra,31-31-2099,jonathan86@sanders.org,Tokelau
S1852,David Beck,2000-01-10,bjones@reeves.com,China
S1853,Helen Clark,2007-05-24,cruzchris@rowland.com,Equatorial Guinea
S1854,Jasmin Oneal,1998-06-29,yruiz@gillespie-williams.com,Peru
S1855,Sarah Young,2007-01-10,kevin48@anderson.com,Indonesia
S1856,Kyle Thomas,2002-10-02,michael32@wiggins-stevens.info,Moldova
S1857,Jeffrey Griffin,2003-10-26,wardbrittany@michael-long.com,British Indian Ocean Territory (Chagos Archipelago)
S1858,Mason Ingram,31-31-2099,broberts@bryant.com,Yemen
S1859,Derrick Harris,1999-06-15,umyers@fuller.net,Guinea
S1860,Richard Hammond,2003-08-11,jacobssheryl@hotmail.com,Gambia
S1861,Mrs. Sandra Mckenzie,1996-10-18,mark17@yahoo.com,South Africa
S1862,Stephen Freeman,1998-04-18,qsharp@gmail.com,Gibraltar
S1863,Scott Lopez,2000-08-17,martharice@davis-lewis.com,Bhutan
S1864,Ashley Davis,1995-04-16,harrisandrew@gmail.com,Maldives
S1865,James Miller,2007-11-09,parksrobert@anderson.biz,Netherlands Antilles
S1866,Mary Hansen,2005-01-08,snunez@chung.org,Macao
S1867,Eric Jackson,2003-07-22,lawsonbryan@marshall-perry.org,Pitcairn Islands
S1868,Claire Lucero,2004-10-04,newmanjulie@hotmail.com,Singapore
S1869,Robert Estes,2004-06-04,keithellis@hotmail.com,Guam
S1870,Thomas Mercado,2005-07-14,parksscott@aguirre.biz,Qatar
S1871,Roberto Alvarez,2007-07-19,melissa40@gmail.com,Spain
S1872,Charles Thompson,2000-09-09,rosborne@yahoo.com,Tajikistan
S1873,Jessica Moreno,2005-07-31,tracie38@hotmail.com,San Marino
S1874,Mark White,1996-08-19,joerodriguez@yahoo.com,Seychelles
S1875,Kelly Cochran,2000-09-25,njohnson@hurst.net,Sweden
S1876,Stacy Chandler,1995-09-17,adkinsmichael@jones.com,Dominican Republic
S1877,Brandon Tucker,1998-09-30,rmoody@hotmail.com,Guadeloupe
S1878,Scott Bell,2003-03-10,westpatrick@hawkins.org,Sierra Leone
S1879,Michael Harris,1997-09-05,yatesangela@powers.com,Spain
S1880,Renee Miller,2002-08-16,lanedenise@gmail.com,Ghana
S1881,Ryan Mckenzie,2004-07-26,brownchristopher@gmail.com,Korea
S1882,Brittany Schmidt,2004-04-30,kylemorales@rogers-torres.biz,Mayotte
S1883,Robert Short,2004-10-31,traceydavis@graham.biz,Malawi
S1884,Jennifer Harding,2001-04-23,jeffery93@li-ortiz.com,Namibia
S1885,Gregory Byrd,1997-08-28,michaelcohen@yahoo.com,Ghana
S1886,Tracy James,2002-04-16,moorejason@gmail.com,Egypt
S1887,Lori Walters,2003-06-10,andersondawn@hotmail.com,Swaziland
S1888,Steven Ortiz,2000-09-19,carlosbell@gmail.com,Heard Island and McDonald Islands
S1889,Gregory Everett,2006-01-07,eddieshepherd@robinson.com,Russian Federation
S1890,Robert Brown,2000-05-07,brandon94@walker.com,Greenland
S1891,Robert Carter,1997-11-27,volsen@gardner.com,Switzerland
S1892,Sarah Parsons,2004-01-03,richard19@york-white.info,American Samoa
S1893,Bradley Williams,1999-03-11,robertskimberly@ramos-scott.org,Mayotte
S1894,John Heath,1997-10-28,hpatterson@gmail.com,Qatar
S1895,Jacqueline Ramirez,1997-09-11,jennifer05@hotmail.com,Northern Mariana Islands
S1896,Ann Wright,1998-08-15,ethanfitzgerald@martin.org,Israel
S1897,Yvonne Huerta,1999-05-23,garciaerin@gmail.com,Western Sahara
S1898,Shannon Clayton,31-31-2099,allison00@hotmail.com,Australia
S1899,James Sutton,1998-02-19,adam25@yahoo.com,Nauru
S1900,Heidi Robertson,2007-03-02,robinsoncaleb@hurst.info,Algeria
S1901,John Porter,1998-10-20,gonzalezjames@crawford.info,Faroe Islands
S1902,John Cabrera,1998-10-27,wnovak@martinez.com,Cote d'Ivoire
S1903,Michael Krueger,2004-08-15,morgan59@morrison.com,Congo
S1904,Michael Edwards PhD,2000-05-24,leroyrogers@brady.net,Greenland
S1905,James Nash,2003-04-08,ellenshelton@kelly.com,Trinidad and Tobago
S1906,Paul Washington,2000-01-29,crojas@yahoo.com,Senegal
S1907,Nathan Martin,2001-03-28,danielrichardson@hotmail.com,Palau
S1908,Patrick Torres,2004-11-09,vcastillo@gmail.com,Canada
S1909,Gary Sutton,2004-09-20,hdavis@hotmail.com,Slovenia
S1910,Annette Washington,31-31-2099,pettyrebecca@rojas-hutchinson.com,Guatemala
S1911,Brian Watson Jr.,2003-02-21,villegaspeter@gutierrez.com,Tanzania
S1912,Christopher Lynch,2003-03-13,terrykenneth@yahoo.com,Iran
S1913,Heather Mckenzie,2000-09-12,tamara34@lee-schmidt.com,Aruba
S1914,Veronica Miller,1998-11-17,kparker@hotmail.com,Niger
S1915,Cynthia Thomas,1995-01-04,ttorres@smith.com,Kuwait
S1916,Angela Luna,2008-04-01,fhamilton@becker.com,Lao People's Democratic Republic
S1917,Shawn Craig,1995-05-04,evansjeffrey@gmail.com,Qatar
S1918,Diane Anderson DVM,2004-04-10,fowlervictor@ward.com,Moldova
S1919,James Harris,2003-07-13,sgarcia@russell.com,Mayotte
S1920,Miranda Fox,2004-11-21,martinstephen@lopez.com,Turks and Caicos Islands
S1921,Jessica Green,2000-03-20,james61@smith.com,Saint Martin
S1922,Darryl Mitchell,1995-08-18,branchthomas@yahoo.com,Wallis and Futuna
S1923,Donald Rivera,1994-10-18,qvaughn@butler.com,Croatia
S1924,Don Edwards,2003-04-10,amygreen@hotmail.com,Oman
S1925,Denise Shepherd,2001-03-04,kristinarcher@henry-johnston.info,Bolivia
S1926,John Garcia,2002-05-20,uobrien@hotmail.com,Turks and Caicos Islands
S1927,Kyle Padilla Jr.,1999-11-16,mcconnellamy@clay.com,Sao Tome and Principe
S1928,Charles Romero,1997-09-03,tina69@king.com,India
S1929,Robert Lewis,2008-05-06,angela07@stuart.info,Israel
S1930,Jose May,31-31-2099,james23@brooks-weber.org,Martinique
S1931,Jacob Hicks,1997-10-27,allenbrittany@hotmail.com,Barbados
S1932,Scott Hardin,2001-01-12,sarahthompson@morris.biz,United Kingdom
S1933,Juan Brown,2000-04-25,michael31@wright.com,Kiribati
S1934,Christina Rowe,1996-01-31,christensencharles@yahoo.com,Ukraine
S1935,Chad Wells,1999-11-05,lewiskevin@perez-blackburn.info,Gabon
S1936,Nancy Clark,1996-03-10,michaeljohnson@hotmail.com,Mayotte
S1937,Victor Herman,2002-01-04,claytonrodney@scott.com,Mali
S1938,Tina House,1997-05-05,thomasgreen@hotmail.com,Taiwan
S1939,Jonathan Hayes,1996-12-26,stephen22@robbins-shaw.com,Eritrea
S1940,Austin Vasquez,2002-02-12,marshallanthony@gmail.com,Singapore
S1941,Sarah Winters,2001-04-29,anthony59@randolph.biz,Suriname
S1942,Tami Rush,1995-12-13,nancykelley@gmail.com,Isle of Man
S1943,Charles Stephens,2004-04-27,ulutz@wilson.com,United States Virgin Islands
S1944,Amy Gonzalez,1994-10-05,mgarrett@jones-harvey.com,Libyan Arab Jamahiriya
S1945,Jonathan Oneal,2003-05-08,ssparks@cohen.com,Pakistan
S1946,Dennis Cox,2000-08-31,hcarlson@parsons.com,Anguilla
S1947,Julie Farrell,1998-10-24,hudsonsamuel@gmail.com,Kiribati
S1948,Peggy Wilson,2000-12-06,lopezanthony@hotmail.com,Sudan
S1949,Morgan Lee,2007-10-27,lori38@yahoo.com,Liberia
S1950,Patricia Graham,1998-10-29,charlespatel@hotmail.com,Tonga
S1951,Clifford Johnson,1999-10-31,lucasmoore@gmail.com,British Virgin Islands
S1952,William Taylor,1996-07-28,shauncamacho@wilson-rogers.info,Czech Republic
S1953,Allison Barker,2000-08-12,danafoster@yahoo.com,Venezuela
S1954,Robert Lewis,1999-08-26,sanchezchristopher@williams-preston.org,Northern Mariana Islands
S1955,Michelle Smith,1995-12-03,zmason@moody.com,Yemen
S1956,Kayla Brady,2006-06-12,wilsonjoyce@gmail.com,Madagascar
S1957,Charles Wheeler,1995-08-17,clarkleah@gmail.com,Turkey
S1958,Mrs. Michelle Woods DVM,2002-01-16,gonzalezjames@hotmail.com,Belarus
S1959,Aaron Graham,2005-07-23,michaelbauer@hotmail.com,Solomon Islands
S1960,Brenda Mercado,2002-07-09,lramsey@gmail.com,Namibia
S1961,Katherine Payne,2007-05-15,katherinefowler@yahoo.com,Faroe Islands
S1962,Daniel Price,2007-07-03,yblevins@hotmail.com,Morocco
S1963,Katherine Wheeler,1997-02-26,royleblanc@yahoo.com,Tokelau
S1964,Kathryn Martinez,2004-02-15,josephmullins@yahoo.com,Andorra
S1965,Philip Walker,31-31-2099,victoriamoon@wilson.com,Saint Pierre and Miquelon
S1966,Kristopher Klein,1996-07-05,sharonfreeman@mack-harper.com,Congo
S1967,Andrew Garcia,2001-12-03,kanecindy@yahoo.com,China
S1968,William Griffin,2006-11-07,hillmichael@yahoo.com,Burundi
S1969,Amy Anthony,1995-03-24,barbaramartin@hotmail.com,Somalia
S1970,Kenneth Archer,1994-06-21,zflores@gmail.com,Moldova
S1971,Shane Hunt,2005-10-30,rayamanda@hotmail.com,Aruba
S1972,Steven Miller,31-31-2099,abryant@clark.com,Cambodia
S1973,Hayley Cunningham,1994-11-01,troycamacho@hotmail.com,Mongolia
S1974,Roy Thornton,1999-06-17,sthompson@gmail.com,Tokelau
S1975,Adam Gonzales PhD,1997-11-22,cherylspencer@yahoo.com,Jamaica
S1976,James Guerra,2003-04-12,vasquezthomas@gmail.com,Seychelles
S1977,John Cook,31-31-2099,cynthia89@gmail.com,Guinea
S1978,Jacob Rice,2003-05-01,crystal50@gmail.com,Taiwan
S1979,Charles Nelson,1997-04-08,ythompson@cunningham-smith.com,Palestinian Territory
S1980,Destiny Carson,1998-03-19,sancheztony@rivera.com,Mali
S1981,Mary Mason,2000-04-13,timothy08@wilson-banks.com,Vietnam
S1982,Ariel Hamilton,2004-01-02,melissa72@hudson.com,Belize
S1983,Marcus Blackburn,2007-06-11,sarahgonzalez@yahoo.com,United Arab Emirates
S1984,Carlos Glover,2002-06-04,cookadriana@johnson-griffin.net,Romania
S1985,Morgan Garcia,2003-03-22,amber99@gmail.com,Luxembourg
S1986,Angelica Klein,2003-08-15,ibutler@hotmail.com,Guyana
S1987,Amy Miller,2007-09-23,danielle70@hotmail.com,New Caledonia
S1988,Nathan Dunn,2001-07-09,gordonleah@mckinney.com,Belize
S1989,Lisa Cannon,2003-10-01,perryjacob@gmail.com,Tunisia
S1990,Carolyn Perkins,1998-11-24,debrathompson@nash-lee.biz,Equatorial Guinea
S1991,Devon Landry,31-31-2099,rowebrooke@bentley.com,Hungary
S1992,Destiny Haley,2001-04-18,christopherflores@hotmail.com,French Southern Territories
S1993,John Gibson,2000-02-26,mosesrichard@bradford.info,Jamaica
S1994,Julia Schmitt,2001-03-29,james32@yahoo.com,Nicaragua
S1995,Lindsey Sims,2005-06-02,kellylisa@owen.com,Angola
S1996,Elizabeth Robinson,2000-09-30,sean82@simmons-ramirez.com,Lesotho
S1997,Joseph Ali,1996-11-11,tsmith@hotmail.com,Hong Kong
S1998,Mr. Michael Mitchell,1999-04-20,xmclean@yahoo.com,Guinea
S1999,Joseph Newman,2005-02-25,victoriajohnson@hotmail.com,Brunei Darussalam
